image_sha,set,brief_id,technical,text,product,context,notes,rubric_version
cf4d022b6129f4c865f07fb049cb15321e3aa18e711adae5e3ea1bbd0168ce95,nat,B01,pass,pass,pass,pass,,1
cf4d022b6129f4c865f07fb049cb15321e3aa18e711adae5e3ea1bbd0168ce95,final,B01,pass,pass,pass,pass,,1
4e5048e607b42bdea93db94ab4514aa7aa45f38a3006111e27b4362c9dd749c5,nat,B02,pass,pass,pass,pass,,1
4e5048e607b42bdea93db94ab4514aa7aa45f38a3006111e27b4362c9dd749c5,final,B02,pass,pass,pass,pass,,1
ecdfeeb9f6d90b92d01a4355d47064eca2a8a97e709c46d31e08d8daffeb3f5e,nat,B03,pass,pass,pass,pass,,1
fa814008b2cbf93de2b3a851c4f28113110b62f3c390050de2cc4368f7584c03,final,B03,pass,pass,pass,pass,,1
db3d8bcc91a62bfd4d0872a64b3eaefe6a6e15bbbb7386bec31bedd33231cb38,nat,B04,pass,pass,pass,pass,,1
db3d8bcc91a62bfd4d0872a64b3eaefe6a6e15bbbb7386bec31bedd33231cb38,final,B04,pass,pass,pass,pass,,1
35db02a378dee42f14c5033c2553bb7a543f66ee7a1c8950fb8ac4a667cdbc18,nat,B05,pass,pass,pass,pass,,1
35db02a378dee42f14c5033c2553bb7a543f66ee7a1c8950fb8ac4a667cdbc18,final,B05,pass,pass,pass,pass,,1
c02e4e1512364090e0021b0db0bdf755440e49f26be43e34b8802ca77f5603c6,nat,B06,pass,pass,pass,pass,,1
d603a8ffc2fcea25f7b49550ac1ebd149545e17373f9614ae91f9919946fe9e3,final,B06,pass,pass,pass,pass,,1
726b1a2e7858c4b6449ba6b58c078211e3a3764e12d80ef1b4557edebfdd355d,nat,B07,fail,pass,pass,pass,,1
c5944c0af45749054ac037bbab5db946a1ed52fd29f8b7add56e51332fb6f72f,final,B07,pass,pass,pass,pass,,1
827b96c6b259a9ee8132b417c8f164bff7ef779a6f3deac583c90977bdaf8c16,nat,B08,pass,pass,pass,pass,,1
827b96c6b259a9ee8132b417c8f164bff7ef779a6f3deac583c90977bdaf8c16,final,B08,pass,pass,pass,pass,,1
e0971dada77f1f1523b3a63a1b1fdec0d36b8226e6b16b3dc0bfbdd9b3b14ac2,nat,B09,fail,pass,pass,fail,,1
7a9a2d8370cd09e7dbfda108858c71255d5ff90247b782ae5645baaf9eed2955,final,B09,pass,pass,pass,pass,,1
c375b666dfd948463c81b874f3314e90167c9880a25251d9b4069bbe38ef6de6,nat,B10,fail,pass,pass,fail,,1
3d2c01007ad06aed180c051882a443e96a137461f61ebb9178a039ee0ca8f2dd,final,B10,fail,pass,pass,fail,,1
7d7b5f1ea5ff1e739670c0c43a8de0c99ae529162bfa66a0b01b143370f2d623,nat,B11,fail,pass,pass,fail,,1
7d7b5f1ea5ff1e739670c0c43a8de0c99ae529162bfa66a0b01b143370f2d623,final,B11,fail,pass,pass,fail,,1
60179cdac533b14989e5e0ca84fc2246fa8cf809304b833daec6eea72608d9de,nat,B12,pass,pass,pass,pass,,1
1cb1ff51d62ddb074ccb6be26716616de39fa6af0ae9579ec7db71b5ed308c96,final,B12,fail,pass,fail,fail,,1
14babfb32a8ad1f627b4aafe76e0b1517edeb49ece9922e4fbea9660afb184a9,nat,B13,pass,pass,pass,pass,,1
16883d0c0fc75ac495109bfa9d47148422af809e878adeb8a363a42fbdfa17ff,final,B13,pass,pass,pass,pass,,1
1e9db2039b563a91c5bbe7fae51639b37e1fae5da2b0e7f722beaa615f0274cc,nat,B14,pass,pass,pass,pass,,1
1e9db2039b563a91c5bbe7fae51639b37e1fae5da2b0e7f722beaa615f0274cc,final,B14,pass,pass,pass,pass,,1
69ee7468978d26a11a86cd5f5315084c3c99dc0def1058a8a99191816b6eb887,nat,B15,pass,pass,pass,pass,,1
c09e9e52f0bcb99e75c127a666090accb33c0243d21a4a324eb0d42a4b0f225a,final,B15,pass,pass,pass,pass,,1
5afaed000e516b08f6c9115fc35837aa95b08589b72fd6ce01570a6db6f12a04,nat,B16,pass,pass,pass,pass,,1
5afaed000e516b08f6c9115fc35837aa95b08589b72fd6ce01570a6db6f12a04,final,B16,pass,pass,pass,pass,,1
707540342b1bfc2f68461c728a3f2545cd28871797481b6c608d46ab7c38454b,nat,B17,pass,pass,fail,fail,,1
707540342b1bfc2f68461c728a3f2545cd28871797481b6c608d46ab7c38454b,final,B17,pass,pass,fail,fail,,1
59b083e00f2299375009eb28d1b4bad8e6357654586bd128f963948e36fa8fb4,nat,B18,pass,pass,fail,fail,,1
59b083e00f2299375009eb28d1b4bad8e6357654586bd128f963948e36fa8fb4,final,B18,pass,pass,fail,fail,,1
3661709c5e0e6101bd2816a463701d4cdbf73db7ae8520d46f86de13a70bf3f7,nat,B19,fail,pass,fail,pass,,1
cd309d1a7dcd2eccd90569967b638a94a35034874d513c35dcc34d745c91a1bd,final,B19,fail,pass,fail,pass,,1
28e7ff251959ab609c49538ed83e7ae7a03e59a4c43061e923a2b9fc12161b0c,nat,B20,pass,fail,fail,pass,,1
be2181b6f8d96531a343ab56c0890217d649302eed174275cbd246fd808decd2,final,B20,fail,pass,fail,pass,,1
